{"8-8-8-8": {"synflow": 63.11601734161377}, "8-8-8-16": {"synflow": 49.97195529937744}, "8-8-8-24": {"synflow": 12.703484743833542}, "8-8-8-32": {"synflow": 20.45815622806549}, "8-8-8-48": {"synflow": 73.69489860534668}, "8-8-8-64": {"synflow": 74.26036071777344}, "8-8-8-80": {"synflow": 40.1631133556366}, "8-8-8-96": {"synflow": 5.263346729800105}, "8-8-8-112": {"synflow": 23.08770751953125}, "8-8-8-128": {"synflow": 3.2491158824414015}, "8-8-8-144": {"synflow": 5.015950359404087}, "8-8-8-160": {"synflow": 26.45459532737732}, "8-8-8-176": {"synflow": 34.503058314323425}, "8-8-8-192": {"synflow": 35.97649967670441}, "8-8-8-208": {"synflow": 9.980733960866928}, "8-8-8-224": {"synflow": 20.349263191223145}, "8-8-8-240": {"synflow": 21.526758313179016}, "8-8-8-256": {"synflow": 12.32802077382803}, "8-8-8-384": {"synflow": 14.805879950523376}, "8-8-8-512": {"synflow": 46.29501414299011}, "8-8-16-8": {"synflow": 20.502040803432465}, "8-8-16-16": {"synflow": 0.01367010182730155}, "8-8-16-24": {"synflow": 33.898837089538574}, "8-8-16-32": {"synflow": 73.97528457641602}, "8-8-16-48": {"synflow": 6.80995985865593}, "8-8-16-64": {"synflow": 12.852740615606308}, "8-8-16-80": {"synflow": 34.76886260509491}, "8-8-16-96": {"synflow": 28.153817355632782}, "8-8-16-112": {"synflow": 42.703617095947266}, "8-8-16-128": {"synflow": 18.588821411132812}, "8-8-16-144": {"synflow": 35.30537724494934}, "8-8-16-160": {"synflow": 3.874019555747509}, "8-8-16-176": {"synflow": 44.182087421417236}, "8-8-16-192": {"synflow": 18.12803828716278}, "8-8-16-208": {"synflow": 27.68433177471161}, "8-8-16-224": {"synflow": 37.867427468299866}, "8-8-16-240": {"synflow": 18.607693672180176}, "8-8-16-256": {"synflow": 20.496519804000854}, "8-8-16-384": {"synflow": 18.748362183570862}, "8-8-16-512": {"synflow": 41.24679946899414}, "8-8-24-8": {"synflow": 14.217578902840614}, "8-8-24-16": {"synflow": 19.38721114397049}, "8-8-24-24": {"synflow": 100.22962760925293}, "8-8-24-32": {"synflow": 69.61653423309326}, "8-8-24-48": {"synflow": 3.442971169948578}, "8-8-24-64": {"synflow": 5.590801432728767}, "8-8-24-80": {"synflow": 4.92961448431015}, "8-8-24-96": {"synflow": 57.607362389564514}, "8-8-24-112": {"synflow": 14.233948707580566}, "8-8-24-128": {"synflow": 15.356264293193817}, "8-8-24-144": {"synflow": 26.397089898586273}, "8-8-24-160": {"synflow": 5.995170921087265}, "8-8-24-176": {"synflow": 89.7333116531372}, "8-8-24-192": {"synflow": 116.07493877410889}, "8-8-24-208": {"synflow": 3.1633324548602104}, "8-8-24-224": {"synflow": 19.67948591709137}, "8-8-24-240": {"synflow": 37.53381198644638}, "8-8-24-256": {"synflow": 43.24403202533722}, "8-8-24-384": {"synflow": 2.7505285888910294}, "8-8-24-512": {"synflow": 25.972242891788483}, "8-8-32-8": {"synflow": 50.928672790527344}, "8-8-32-16": {"synflow": 46.11381912231445}, "8-8-32-24": {"synflow": 17.378958582878113}, "8-8-32-32": {"synflow": 17.867570489645004}, "8-8-32-48": {"synflow": 18.358231365680695}, "8-8-32-64": {"synflow": 32.830477476119995}, "8-8-32-80": {"synflow": 27.779677748680115}, "8-8-32-96": {"synflow": 10.351249247789383}, "8-8-32-112": {"synflow": 15.619177997112274}, "8-8-32-128": {"synflow": 60.55992889404297}, "8-8-32-144": {"synflow": 11.113914728164673}, "8-8-32-160": {"synflow": 11.830937415361404}, "8-8-32-176": {"synflow": 45.41307473182678}, "8-8-32-192": {"synflow": 11.744061335921288}, "8-8-32-208": {"synflow": 29.115699529647827}, "8-8-32-224": {"synflow": 12.512189462780952}, "8-8-32-240": {"synflow": 31.450958728790283}, "8-8-32-256": {"synflow": 14.629485785961151}, "8-8-32-384": {"synflow": 9.123201832175255}, "8-8-32-512": {"synflow": 17.909030973911285}, "8-8-48-8": {"synflow": 23.553330957889557}, "8-8-48-16": {"synflow": 28.797985553741455}, "8-8-48-24": {"synflow": 40.8405978679657}, "8-8-48-32": {"synflow": 51.59307265281677}, "8-8-48-48": {"synflow": 31.100057363510132}, "8-8-48-64": {"synflow": 95.06464004516602}, "8-8-48-80": {"synflow": 7.64031109213829}, "8-8-48-96": {"synflow": 9.386622160673141}, "8-8-48-112": {"synflow": 73.46369791030884}, "8-8-48-128": {"synflow": 38.79104733467102}, "8-8-48-144": {"synflow": 28.437771558761597}, "8-8-48-160": {"synflow": 21.790280789136887}, "8-8-48-176": {"synflow": 28.463435173034668}, "8-8-48-192": {"synflow": 30.10340768098831}, "8-8-48-208": {"synflow": 11.397295981645584}, "8-8-48-224": {"synflow": 6.013433434069157}, "8-8-48-240": {"synflow": 68.30597257614136}, "8-8-48-256": {"synflow": 11.62507389485836}, "8-8-48-384": {"synflow": 86.43857765197754}, "8-8-48-512": {"synflow": 33.35951638221741}, "8-8-64-8": {"synflow": 9.116340935230255}, "8-8-64-16": {"synflow": 40.32908880710602}, "8-8-64-24": {"synflow": 5.501735955476761}, "8-8-64-32": {"synflow": 7.911992371082306}, "8-8-64-48": {"synflow": 39.160411059856415}, "8-8-64-64": {"synflow": 22.461555570364}, "8-8-64-80": {"synflow": 6.200361706316471}, "8-8-64-96": {"synflow": 79.43950891494751}, "8-8-64-112": {"synflow": 6.4290933310985565}, "8-8-64-128": {"synflow": 17.907309234142303}, "8-8-64-144": {"synflow": 31.06676149368286}, "8-8-64-160": {"synflow": 27.06064873933792}, "8-8-64-176": {"synflow": 64.76596987247467}, "8-8-64-192": {"synflow": 20.436139792203903}, "8-8-64-208": {"synflow": 7.757868558168411}, "8-8-64-224": {"synflow": 32.52078819274902}, "8-8-64-240": {"synflow": 4.900411784648895}, "8-8-64-256": {"synflow": 10.746707379817963}, "8-8-64-384": {"synflow": 21.716451227664948}, "8-8-64-512": {"synflow": 22.916551500558853}, "8-8-80-8": {"synflow": 7.529190897941589}, "8-8-80-16": {"synflow": 28.267820358276367}, "8-8-80-24": {"synflow": 35.95414447784424}, "8-8-80-32": {"synflow": 3.8572120666503906}, "8-8-80-48": {"synflow": 36.907881677150726}, "8-8-80-64": {"synflow": 7.085441887378693}, "8-8-80-80": {"synflow": 31.643932223320007}, "8-8-80-96": {"synflow": 18.575146690011024}, "8-8-80-112": {"synflow": 17.827911764383316}, "8-8-80-128": {"synflow": 28.471877574920654}, "8-8-80-144": {"synflow": 57.48337960243225}, "8-8-80-160": {"synflow": 8.136029101908207}, "8-8-80-176": {"synflow": 35.77089482545853}, "8-8-80-192": {"synflow": 6.8831421583890915}, "8-8-80-208": {"synflow": 35.097301721572876}, "8-8-80-224": {"synflow": 13.932596035301685}, "8-8-80-240": {"synflow": 8.79622384160757}, "8-8-80-256": {"synflow": 8.27046351134777}, "8-8-80-384": {"synflow": 12.65594533085823}, "8-8-80-512": {"synflow": 18.909931898117065}, "8-8-96-8": {"synflow": 5.006628051400185}, "8-8-96-16": {"synflow": 15.879655182361603}, "8-8-96-24": {"synflow": 65.91522789001465}, "8-8-96-32": {"synflow": 32.93833827972412}, "8-8-96-48": {"synflow": 11.48517606407404}, "8-8-96-64": {"synflow": 21.014050364494324}, "8-8-96-80": {"synflow": 32.61770224571228}, "8-8-96-96": {"synflow": 57.33358955383301}, "8-8-96-112": {"synflow": 27.287545382976532}, "8-8-96-128": {"synflow": 11.221554599702358}, "8-8-96-144": {"synflow": 71.2942681312561}, "8-8-96-160": {"synflow": 26.325677275657654}, "8-8-96-176": {"synflow": 5.719271168112755}, "8-8-96-192": {"synflow": 66.04280209541321}, "8-8-96-208": {"synflow": 16.150196880102158}, "8-8-96-224": {"synflow": 20.00496679544449}, "8-8-96-240": {"synflow": 21.856621086597443}, "8-8-96-256": {"synflow": 5.06136991083622}, "8-8-96-384": {"synflow": 30.904489517211914}, "8-8-96-512": {"synflow": 33.87502956390381}, "8-8-112-8": {"synflow": 4.041573882102966}, "8-8-112-16": {"synflow": 7.009306415915489}, "8-8-112-24": {"synflow": 65.18663620948792}, "8-8-112-32": {"synflow": 70.72547125816345}, "8-8-112-48": {"synflow": 23.49229347705841}, "8-8-112-64": {"synflow": 13.861672714352608}, "8-8-112-80": {"synflow": 17.321562588214874}, "8-8-112-96": {"synflow": 51.65282583236694}, "8-8-112-112": {"synflow": 53.54329586029053}, "8-8-112-128": {"synflow": 5.066546052694321}, "8-8-112-144": {"synflow": 6.3882895559072495}, "8-8-112-160": {"synflow": 41.79732030630112}, "8-8-112-176": {"synflow": 9.66153809428215}, "8-8-112-192": {"synflow": 32.1825892329216},